{
  "source": "/Users/s30825/unktok/dev/autoresearch-lite/results.tsv",
  "n_experiments": 21,
  "status_counts": {
    "keep": 3,
    "discard": 16,
    "crash": 2
  },
  "threshold": 0.4,
  "overall_stats": {
    "mean": 0.5424033591564426,
    "std": 0.1569841483835711,
    "min": 0.21576519951947243,
    "max": 0.8481720526508849
  },
  "by_status": {
    "keep": {
      "n": 3,
      "mean": 0.6608237912690457,
      "std": 0.13792205924721365
    },
    "discard": {
      "n": 16,
      "mean": 0.5610292980899508,
      "std": 0.11164984771913705
    },
    "crash": {
      "n": 2,
      "mean": 0.21576519951947243,
      "std": 0.0
    }
  },
  "statistical_tests": {
    "keep_vs_discard": {
      "U": 32.0,
      "p_value": 0.4210526315789474,
      "rank_biserial_r": -0.33333333333333326,
      "significance": "n.s.",
      "mean_a": 0.6608237912690457,
      "mean_b": 0.5610292980899508
    },
    "keep_vs_crash": {
      "U": 6.0,
      "p_value": 0.1386406338132186,
      "rank_biserial_r": -1.0,
      "significance": "n.s.",
      "mean_a": 0.6608237912690457,
      "mean_b": 0.21576519951947243
    },
    "discard_vs_crash": {
      "U": 32.0,
      "p_value": 0.02935496566548616,
      "rank_biserial_r": -1.0,
      "significance": "*",
      "mean_a": 0.5610292980899508,
      "mean_b": 0.21576519951947243
    }
  },
  "gating": {
    "tp": 3,
    "fp": 15,
    "tn": 3,
    "fn": 0,
    "precision": 0.16666666666666666,
    "recall": 1.0,
    "f1": 0.2857142857142857,
    "accuracy": 0.2857142857142857
  },
  "cascade": {
    "n_keep_chain": 3,
    "keep_chain_ids": [
      "2108755",
      "98aea59",
      "44fb21c"
    ],
    "chain_confidences": {
      "2108755": 0.6141519302934214,
      "98aea59": 0.5209065033564744,
      "44fb21c": 0.2709481586043504
    },
    "final_chain_confidence": 0.2709481586043504,
    "risk_points": [
      {
        "commit": "44fb21c",
        "local_confidence": 0.5201473908628305,
        "chain_confidence": 0.2709481586043504
      }
    ]
  }
}