{
  "evaluator": {
    "source": "auto-research-evaluator",
    "n_results": 13,
    "n_passed": 13,
    "n_gated": 0,
    "gating_rate": 0.0,
    "mean_confidence": 0.6253863305678357,
    "median_confidence": 0.6249800697391347,
    "std_confidence": 0.0460298095182127,
    "min_confidence": 0.5325449501109947,
    "max_confidence": 0.7012637858513778,
    "mean_uncertainty": 0.17379090599394467,
    "risk_distribution": {
      "low": 2,
      "medium": 11,
      "high": 0,
      "critical": 0
    },
    "component_means": {
      "reproduction": 0.4725274725274726,
      "effect_size": 0.8670146328936371,
      "statistical": 0.6819603462058523,
      "code_quality": 0.7870769230769231
    }
  },
  "ara": {
    "source": "autonomous-research-agent",
    "n_results": 4,
    "n_passed": 4,
    "n_gated": 0,
    "gating_rate": 0.0,
    "mean_confidence": 0.5082081756922527,
    "median_confidence": 0.5062310134961079,
    "std_confidence": 0.006782764717569879,
    "min_confidence": 0.5015067962796337,
    "max_confidence": 0.5188638794971615,
    "mean_uncertainty": 0.1929558321463301,
    "risk_distribution": {
      "low": 0,
      "medium": 4,
      "high": 0,
      "critical": 0
    },
    "component_means": {
      "reproduction": 0.6541666666666667,
      "effect_size": 0.7847454449935467,
      "statistical": 0.2344500823571784,
      "code_quality": 0.57
    }
  },
  "ara_cascade": {
    "source": "ARA claim chain",
    "n_nodes": 4,
    "n_edges": 4,
    "chain_confidences": {
      "claim-001": 0.5092103371228806,
      "claim-003": 0.5015067962796337,
      "claim-002": 0.25626096265602344,
      "claim-004": 0.13296455724738154
    },
    "risk_points": [
      {
        "node": "claim-002",
        "local_confidence": 0.5032516898693351,
        "chain_confidence": 0.25626096265602344
      },
      {
        "node": "claim-004",
        "local_confidence": 0.5188638794971615,
        "chain_confidence": 0.13296455724738154
      }
    ]
  },
  "vanilla": {
    "source": "vanilla-autoresearch",
    "n_results": 6,
    "n_passed": 3,
    "n_gated": 3,
    "gating_rate": 0.5,
    "mean_confidence": 0.5092143876139744,
    "median_confidence": 0.4822782826798351,
    "std_confidence": 0.20461181303081577,
    "min_confidence": 0.3047733264370333,
    "max_confidence": 0.7473963519886185,
    "mean_uncertainty": 0.1442592633391594,
    "risk_distribution": {
      "low": 2,
      "medium": 1,
      "high": 3,
      "critical": 0
    },
    "component_means": {
      "reproduction": 0.4047619047619048,
      "effect_size": 0.8438624321663365,
      "statistical": 0.5293125001327647,
      "code_quality": 0.6200000000000001
    }
  },
  "vanilla_cascade": {
    "source": "Vanilla hypothesis chain",
    "n_nodes": 6,
    "n_edges": 3,
    "chain_confidences": {
      "efficient_llm_inference/comb_1": 0.3047733264370333,
      "efficient_llm_inference/cons_1": 0.3070833926365691,
      "efficient_llm_inference/cont_1": 0.307692213390835,
      "efficient_llm_inference/comb_2": 0.2277864723624751,
      "efficient_llm_inference/cons_2": 0.22462434337312676,
      "efficient_llm_inference/cont_2": 0.2021120463548274
    },
    "risk_points": [
      {
        "node": "efficient_llm_inference/comb_1",
        "local_confidence": 0.3047733264370333,
        "chain_confidence": 0.3047733264370333
      },
      {
        "node": "efficient_llm_inference/cons_1",
        "local_confidence": 0.3070833926365691,
        "chain_confidence": 0.3070833926365691
      },
      {
        "node": "efficient_llm_inference/cont_1",
        "local_confidence": 0.307692213390835,
        "chain_confidence": 0.307692213390835
      },
      {
        "node": "efficient_llm_inference/comb_2",
        "local_confidence": 0.7473963519886185,
        "chain_confidence": 0.2277864723624751
      },
      {
        "node": "efficient_llm_inference/cons_2",
        "local_confidence": 0.7314766892619556,
        "chain_confidence": 0.22462434337312676
      },
      {
        "node": "efficient_llm_inference/cont_2",
        "local_confidence": 0.6568643519688352,
        "chain_confidence": 0.2021120463548274
      }
    ]
  }
}