{
  "linear_chain": {
    "scenario": "linear_chain_L5_FPR0.15_CS3",
    "n_seeds": 10,
    "mean_unscored_contamination": 0.1,
    "mean_scored_contamination": 0.0,
    "contamination_reduction_pct": 100.0,
    "mean_unscored_fdr": 0.19166666666666665,
    "mean_scored_fdr": 0.0,
    "fdr_reduction_pct": 100.0,
    "mean_gated_nodes": 0.3,
    "statistical_test": {
      "t_stat": 2.9999999999999996,
      "p_value": 0.014956363910414217,
      "significant": "True"
    }
  },
  "branching_cascade": {
    "scenario": "branching_D4_B2_FPR0.15",
    "n_seeds": 10,
    "mean_unscored_contamination": 0.1354838709677419,
    "mean_scored_contamination": 0.02258064516129032,
    "contamination_reduction_pct": 83.33333333333333,
    "mean_unscored_fdr": 1.0,
    "mean_scored_fdr": 0.4,
    "fdr_reduction_pct": 60.0,
    "mean_gated_nodes": 3.1,
    "statistical_test": {
      "t_stat": 4.869258405481767,
      "p_value": 0.0008844236356850714,
      "significant": "True"
    }
  },
  "sensitivity_analysis": [
    {
      "scenario": "linear_chain_L5_FPR0.15_CS3",
      "n_seeds": 30,
      "mean_unscored_contamination": 0.12000000000000002,
      "mean_scored_contamination": 0.08000000000000002,
      "contamination_reduction_pct": 33.33333333333333,
      "mean_unscored_fdr": 0.21333333333333332,
      "mean_scored_fdr": 0.12444444444444444,
      "fdr_reduction_pct": 41.666666666666664,
      "mean_gated_nodes": 0.0,
      "statistical_test": {
        "t_stat": 1.3605380662764401,
        "p_value": 0.18414134229197163,
        "significant": "False"
      },
      "threshold": 0.1
    },
    {
      "scenario": "linear_chain_L5_FPR0.15_CS3",
      "n_seeds": 30,
      "mean_unscored_contamination": 0.12000000000000002,
      "mean_scored_contamination": 0.08000000000000002,
      "contamination_reduction_pct": 33.33333333333333,
      "mean_unscored_fdr": 0.21333333333333332,
      "mean_scored_fdr": 0.12444444444444444,
      "fdr_reduction_pct": 41.666666666666664,
      "mean_gated_nodes": 0.0,
      "statistical_test": {
        "t_stat": 1.3605380662764401,
        "p_value": 0.18414134229197163,
        "significant": "False"
      },
      "threshold": 0.2
    },
    {
      "scenario": "linear_chain_L5_FPR0.15_CS3",
      "n_seeds": 30,
      "mean_unscored_contamination": 0.12000000000000002,
      "mean_scored_contamination": 0.04666666666666666,
      "contamination_reduction_pct": 61.11111111111113,
      "mean_unscored_fdr": 0.21333333333333332,
      "mean_scored_fdr": 0.06944444444444443,
      "fdr_reduction_pct": 67.44791666666667,
      "mean_gated_nodes": 0.16666666666666666,
      "statistical_test": {
        "t_stat": 3.003425636285878,
        "p_value": 0.005452376252782328,
        "significant": "True"
      },
      "threshold": 0.3
    },
    {
      "scenario": "linear_chain_L5_FPR0.15_CS3",
      "n_seeds": 30,
      "mean_unscored_contamination": 0.12000000000000002,
      "mean_scored_contamination": 0.013333333333333334,
      "contamination_reduction_pct": 88.88888888888889,
      "mean_unscored_fdr": 0.21333333333333332,
      "mean_scored_fdr": 0.01944444444444444,
      "fdr_reduction_pct": 90.88541666666667,
      "mean_gated_nodes": 0.3333333333333333,
      "statistical_test": {
        "t_stat": 4.286751406807069,
        "p_value": 0.00018274598784155186,
        "significant": "True"
      },
      "threshold": 0.4
    },
    {
      "scenario": "linear_chain_L5_FPR0.15_CS3",
      "n_seeds": 30,
      "mean_unscored_contamination": 0.12000000000000002,
      "mean_scored_contamination": 0.0,
      "contamination_reduction_pct": 100.0,
      "mean_unscored_fdr": 0.21333333333333332,
      "mean_scored_fdr": 0.0,
      "fdr_reduction_pct": 100.0,
      "mean_gated_nodes": 0.4666666666666667,
      "statistical_test": {
        "t_stat": 5.288126862537029,
        "p_value": 1.1389159551596328e-05,
        "significant": "True"
      },
      "threshold": 0.5
    },
    {
      "scenario": "linear_chain_L5_FPR0.15_CS3",
      "n_seeds": 30,
      "mean_unscored_contamination": 0.12000000000000002,
      "mean_scored_contamination": 0.0,
      "contamination_reduction_pct": 100.0,
      "mean_unscored_fdr": 0.21333333333333332,
      "mean_scored_fdr": 0.0,
      "fdr_reduction_pct": 100.0,
      "mean_gated_nodes": 0.6666666666666666,
      "statistical_test": {
        "t_stat": 5.288126862537029,
        "p_value": 1.1389159551596328e-05,
        "significant": "True"
      },
      "threshold": 0.6
    },
    {
      "scenario": "linear_chain_L5_FPR0.15_CS3",
      "n_seeds": 30,
      "mean_unscored_contamination": 0.12000000000000002,
      "mean_scored_contamination": 0.0,
      "contamination_reduction_pct": 100.0,
      "mean_unscored_fdr": 0.21333333333333332,
      "mean_scored_fdr": 0.0,
      "fdr_reduction_pct": 100.0,
      "mean_gated_nodes": 1.6333333333333333,
      "statistical_test": {
        "t_stat": 5.288126862537029,
        "p_value": 1.1389159551596328e-05,
        "significant": "True"
      },
      "threshold": 0.7
    },
    {
      "scenario": "linear_chain_L5_FPR0.15_CS3",
      "n_seeds": 30,
      "mean_unscored_contamination": 0.12000000000000002,
      "mean_scored_contamination": 0.0,
      "contamination_reduction_pct": 100.0,
      "mean_unscored_fdr": 0.21333333333333332,
      "mean_scored_fdr": 0.0,
      "fdr_reduction_pct": 100.0,
      "mean_gated_nodes": 2.5,
      "statistical_test": {
        "t_stat": 5.288126862537029,
        "p_value": 1.1389159551596328e-05,
        "significant": "True"
      },
      "threshold": 0.8
    }
  ],
  "parameters": {
    "chain_length": 5,
    "false_positive_rate": 0.15,
    "confidence_threshold": 0.4,
    "n_seeds": 10
  }
}